{
    "30": {
        "score": 0.9346599000000001,
        "hyperparameters": {
            "dropout_rate": 0.365624,
            "hidden_sizes": [
                20,
                20
            ],
            "lr": 0.000538,
            "input_size": 2
        }
    },
    "28": {
        "score": 0.9341487,
        "hyperparameters": {
            "dropout_rate": 0.011183,
            "hidden_sizes": [
                20,
                20
            ],
            "lr": 0.000538,
            "input_size": 2
        }
    },
    "16": {
        "score": 0.9305282,
        "hyperparameters": {
            "dropout_rate": 0.066804,
            "hidden_sizes": [
                15,
                15
            ],
            "lr": 0.000538,
            "input_size": 2
        }
    },
    "7": {
        "score": 0.9291458,
        "hyperparameters": {
            "dropout_rate": 0.150643,
            "hidden_sizes": [
                20,
                20
            ],
            "lr": 0.000538,
            "input_size": 2
        }
    },
    "90": {
        "score": 0.9288584,
        "hyperparameters": {
            "dropout_rate": 0.218471,
            "hidden_sizes": [
                20,
                20
            ],
            "lr": 0.000538,
            "input_size": 2
        }
    },
    "88": {
        "score": 0.9253745999999999,
        "hyperparameters": {
            "dropout_rate": 0.362972,
            "hidden_sizes": [
                15,
                15
            ],
            "lr": 0.000538,
            "input_size": 2
        }
    },
    "87": {
        "score": 0.9252157999999999,
        "hyperparameters": {
            "dropout_rate": 0.2578,
            "hidden_sizes": [
                20,
                20
            ],
            "lr": 0.000538,
            "input_size": 2
        }
    },
    "81": {
        "score": 0.922987,
        "hyperparameters": {
            "dropout_rate": 0.435556,
            "hidden_sizes": [
                20,
                20
            ],
            "lr": 0.000538,
            "input_size": 2
        }
    },
    "5": {
        "score": 0.9227118000000001,
        "hyperparameters": {
            "dropout_rate": 0.106295,
            "hidden_sizes": [
                15,
                15
            ],
            "lr": 0.000538,
            "input_size": 2
        }
    },
    "8": {
        "score": 0.9223637,
        "hyperparameters": {
            "dropout_rate": 0.446127,
            "hidden_sizes": [
                20,
                20
            ],
            "lr": 0.000538,
            "input_size": 2
        }
    }
}