{
    "17": {
        "score": 0.9160383999999999,
        "hyperparameters": {
            "dropout_rate": 0.452688,
            "hidden_sizes": [
                15,
                15
            ],
            "lr": 0.000538,
            "input_size": 2
        }
    },
    "7": {
        "score": 0.9143975999999998,
        "hyperparameters": {
            "dropout_rate": 0.274727,
            "hidden_sizes": [
                20,
                20
            ],
            "lr": 0.000538,
            "input_size": 2
        }
    },
    "35": {
        "score": 0.90624,
        "hyperparameters": {
            "dropout_rate": 0.030794,
            "hidden_sizes": [
                20,
                20
            ],
            "lr": 0.000538,
            "input_size": 2
        }
    },
    "59": {
        "score": 0.9048632000000001,
        "hyperparameters": {
            "dropout_rate": 0.465436,
            "hidden_sizes": [
                20,
                20
            ],
            "lr": 0.000538,
            "input_size": 2
        }
    },
    "42": {
        "score": 0.9045208,
        "hyperparameters": {
            "dropout_rate": 0.158573,
            "hidden_sizes": [
                20,
                20
            ],
            "lr": 0.000538,
            "input_size": 2
        }
    },
    "19": {
        "score": 0.8985056,
        "hyperparameters": {
            "dropout_rate": 0.18324,
            "hidden_sizes": [
                20,
                20
            ],
            "lr": 0.000538,
            "input_size": 2
        }
    },
    "4": {
        "score": 0.8976988,
        "hyperparameters": {
            "dropout_rate": 0.416567,
            "hidden_sizes": [
                15,
                15
            ],
            "lr": 0.000538,
            "input_size": 2
        }
    },
    "9": {
        "score": 0.8842500000000001,
        "hyperparameters": {
            "dropout_rate": 0.394607,
            "hidden_sizes": [
                15,
                15
            ],
            "lr": 0.000538,
            "input_size": 2
        }
    },
    "3": {
        "score": 0.8774787999999999,
        "hyperparameters": {
            "dropout_rate": 0.37513,
            "hidden_sizes": [
                20,
                20
            ],
            "lr": 0.000538,
            "input_size": 2
        }
    },
    "2": {
        "score": 0.8773128,
        "hyperparameters": {
            "dropout_rate": 0.153486,
            "hidden_sizes": [
                20,
                20
            ],
            "lr": 0.000538,
            "input_size": 2
        }
    }
}